{"name":"items-backend-and-frontend","classpathEntries":[{"kind":"binary","path":"C:\\Program Files\\Java\\jdk-11.0.2\\lib\\jrt-fs.jar","sourceContainerUrl":"file:/C:/Program%20Files/Java/jdk-11.0.2/lib/src.zip","javadocContainerUrl":"https://docs.oracle.com/javase/11/docs/api/","isSystem":true,"isOwn":false,"isTest":false,"isJavaContent":false},{"kind":"binary","path":"C:\\Users\\Usuario\\.m2\\repository\\org\\springframework\\boot\\spring-boot-starter-web\\1.4.2.RELEASE\\spring-boot-starter-web-1.4.2.RELEASE.jar","sourceContainerUrl":"file:/C:/Users/Usuario/.m2/repository/org/springframework/boot/spring-boot-starter-web/1.4.2.RELEASE/spring-boot-starter-web-1.4.2.RELEASE-sources.jar","isSystem":false,"isOwn":false,"isTest":false,"isJavaContent":false},{"kind":"binary","path":"C:\\Users\\Usuario\\.m2\\repository\\org\\springframework\\boot\\spring-boot-starter\\1.4.2.RELEASE\\spring-boot-starter-1.4.2.RELEASE.jar","sourceContainerUrl":"file:/C:/Users/Usuario/.m2/repository/org/springframework/boot/spring-boot-starter/1.4.2.RELEASE/spring-boot-starter-1.4.2.RELEASE-sources.jar","isSystem":false,"isOwn":false,"isTest":false,"isJavaContent":false},{"kind":"binary","path":"C:\\Users\\Usuario\\.m2\\repository\\org\\springframework\\boot\\spring-boot\\1.4.2.RELEASE\\spring-boot-1.4.2.RELEASE.jar","sourceContainerUrl":"file:/C:/Users/Usuario/.m2/repository/org/springframework/boot/spring-boot/1.4.2.RELEASE/spring-boot-1.4.2.RELEASE-sources.jar","javadocContainerUrl":"file:/C:/Users/Usuario/.m2/repository/org/springframework/boot/spring-boot/1.4.2.RELEASE/spring-boot-1.4.2.RELEASE-javadoc.jar","isSystem":false,"isOwn":false,"isTest":false,"isJavaContent":false},{"kind":"binary","path":"C:\\Users\\Usuario\\.m2\\repository\\org\\springframework\\boot\\spring-boot-autoconfigure\\1.4.2.RELEASE\\spring-boot-autoconfigure-1.4.2.RELEASE.jar","sourceContainerUrl":"file:/C:/Users/Usuario/.m2/repository/org/springframework/boot/spring-boot-autoconfigure/1.4.2.RELEASE/spring-boot-autoconfigure-1.4.2.RELEASE-sources.jar","javadocContainerUrl":"file:/C:/Users/Usuario/.m2/repository/org/springframework/boot/spring-boot-autoconfigure/1.4.2.RELEASE/spring-boot-autoconfigure-1.4.2.RELEASE-javadoc.jar","isSystem":false,"isOwn":false,"isTest":false,"isJavaContent":false},{"kind":"binary","path":"C:\\Users\\Usuario\\.m2\\repository\\org\\springframework\\boot\\spring-boot-starter-logging\\1.4.2.RELEASE\\spring-boot-starter-logging-1.4.2.RELEASE.jar","sourceContainerUrl":"file:/C:/Users/Usuario/.m2/repository/org/springframework/boot/spring-boot-starter-logging/1.4.2.RELEASE/spring-boot-starter-logging-1.4.2.RELEASE-sources.jar","isSystem":false,"isOwn":false,"isTest":false,"isJavaContent":false},{"kind":"binary","path":"C:\\Users\\Usuario\\.m2\\repository\\ch\\qos\\logback\\logback-classic\\1.1.7\\logback-classic-1.1.7.jar","sourceContainerUrl":"file:/C:/Users/Usuario/.m2/repository/ch/qos/logback/logback-classic/1.1.7/logback-classic-1.1.7-sources.jar","javadocContainerUrl":"file:/C:/Users/Usuario/.m2/repository/ch/qos/logback/logback-classic/1.1.7/logback-classic-1.1.7-javadoc.jar","isSystem":false,"isOwn":false,"isTest":false,"isJavaContent":false},{"kind":"binary","path":"C:\\Users\\Usuario\\.m2\\repository\\ch\\qos\\logback\\logback-core\\1.1.7\\logback-core-1.1.7.jar","sourceContainerUrl":"file:/C:/Users/Usuario/.m2/repository/ch/qos/logback/logback-core/1.1.7/logback-core-1.1.7-sources.jar","javadocContainerUrl":"file:/C:/Users/Usuario/.m2/repository/ch/qos/logback/logback-core/1.1.7/logback-core-1.1.7-javadoc.jar","isSystem":false,"isOwn":false,"isTest":false,"isJavaContent":false},{"kind":"binary","path":"C:\\Users\\Usuario\\.m2\\repository\\org\\slf4j\\jcl-over-slf4j\\1.7.21\\jcl-over-slf4j-1.7.21.jar","sourceContainerUrl":"file:/C:/Users/Usuario/.m2/repository/org/slf4j/jcl-over-slf4j/1.7.21/jcl-over-slf4j-1.7.21-sources.jar","javadocContainerUrl":"file:/C:/Users/Usuario/.m2/repository/org/slf4j/jcl-over-slf4j/1.7.21/jcl-over-slf4j-1.7.21-javadoc.jar","isSystem":false,"isOwn":false,"isTest":false,"isJavaContent":false},{"kind":"binary","path":"C:\\Users\\Usuario\\.m2\\repository\\org\\slf4j\\jul-to-slf4j\\1.7.21\\jul-to-slf4j-1.7.21.jar","sourceContainerUrl":"file:/C:/Users/Usuario/.m2/repository/org/slf4j/jul-to-slf4j/1.7.21/jul-to-slf4j-1.7.21-sources.jar","javadocContainerUrl":"file:/C:/Users/Usuario/.m2/repository/org/slf4j/jul-to-slf4j/1.7.21/jul-to-slf4j-1.7.21-javadoc.jar","isSystem":false,"isOwn":false,"isTest":false,"isJavaContent":false},{"kind":"binary","path":"C:\\Users\\Usuario\\.m2\\repository\\org\\slf4j\\log4j-over-slf4j\\1.7.21\\log4j-over-slf4j-1.7.21.jar","sourceContainerUrl":"file:/C:/Users/Usuario/.m2/repository/org/slf4j/log4j-over-slf4j/1.7.21/log4j-over-slf4j-1.7.21-sources.jar","javadocContainerUrl":"file:/C:/Users/Usuario/.m2/repository/org/slf4j/log4j-over-slf4j/1.7.21/log4j-over-slf4j-1.7.21-javadoc.jar","isSystem":false,"isOwn":false,"isTest":false,"isJavaContent":false},{"kind":"binary","path":"C:\\Users\\Usuario\\.m2\\repository\\org\\yaml\\snakeyaml\\1.17\\snakeyaml-1.17.jar","sourceContainerUrl":"file:/C:/Users/Usuario/.m2/repository/org/yaml/snakeyaml/1.17/snakeyaml-1.17-sources.jar","javadocContainerUrl":"file:/C:/Users/Usuario/.m2/repository/org/yaml/snakeyaml/1.17/snakeyaml-1.17-javadoc.jar","isSystem":false,"isOwn":false,"isTest":false,"isJavaContent":false},{"kind":"binary","path":"C:\\Users\\Usuario\\.m2\\repository\\org\\springframework\\boot\\spring-boot-starter-tomcat\\1.4.2.RELEASE\\spring-boot-starter-tomcat-1.4.2.RELEASE.jar","sourceContainerUrl":"file:/C:/Users/Usuario/.m2/repository/org/springframework/boot/spring-boot-starter-tomcat/1.4.2.RELEASE/spring-boot-starter-tomcat-1.4.2.RELEASE-sources.jar","isSystem":false,"isOwn":false,"isTest":false,"isJavaContent":false},{"kind":"binary","path":"C:\\Users\\Usuario\\.m2\\repository\\org\\apache\\tomcat\\embed\\tomcat-embed-core\\8.5.6\\tomcat-embed-core-8.5.6.jar","sourceContainerUrl":"file:/C:/Users/Usuario/.m2/repository/org/apache/tomcat/embed/tomcat-embed-core/8.5.6/tomcat-embed-core-8.5.6-sources.jar","isSystem":false,"isOwn":false,"isTest":false,"isJavaContent":false},{"kind":"binary","path":"C:\\Users\\Usuario\\.m2\\repository\\org\\apache\\tomcat\\embed\\tomcat-embed-el\\8.5.6\\tomcat-embed-el-8.5.6.jar","sourceContainerUrl":"file:/C:/Users/Usuario/.m2/repository/org/apache/tomcat/embed/tomcat-embed-el/8.5.6/tomcat-embed-el-8.5.6-sources.jar","isSystem":false,"isOwn":false,"isTest":false,"isJavaContent":false},{"kind":"binary","path":"C:\\Users\\Usuario\\.m2\\repository\\org\\apache\\tomcat\\embed\\tomcat-embed-websocket\\8.5.6\\tomcat-embed-websocket-8.5.6.jar","sourceContainerUrl":"file:/C:/Users/Usuario/.m2/repository/org/apache/tomcat/embed/tomcat-embed-websocket/8.5.6/tomcat-embed-websocket-8.5.6-sources.jar","isSystem":false,"isOwn":false,"isTest":false,"isJavaContent":false},{"kind":"binary","path":"C:\\Users\\Usuario\\.m2\\repository\\org\\hibernate\\hibernate-validator\\5.2.4.Final\\hibernate-validator-5.2.4.Final.jar","sourceContainerUrl":"file:/C:/Users/Usuario/.m2/repository/org/hibernate/hibernate-validator/5.2.4.Final/hibernate-validator-5.2.4.Final-sources.jar","isSystem":false,"isOwn":false,"isTest":false,"isJavaContent":false},{"kind":"binary","path":"C:\\Users\\Usuario\\.m2\\repository\\javax\\validation\\validation-api\\1.1.0.Final\\validation-api-1.1.0.Final.jar","sourceContainerUrl":"file:/C:/Users/Usuario/.m2/repository/javax/validation/validation-api/1.1.0.Final/validation-api-1.1.0.Final-sources.jar","javadocContainerUrl":"file:/C:/Users/Usuario/.m2/repository/javax/validation/validation-api/1.1.0.Final/validation-api-1.1.0.Final-javadoc.jar","isSystem":false,"isOwn":false,"isTest":false,"isJavaContent":false},{"kind":"binary","path":"C:\\Users\\Usuario\\.m2\\repository\\org\\jboss\\logging\\jboss-logging\\3.3.0.Final\\jboss-logging-3.3.0.Final.jar","sourceContainerUrl":"file:/C:/Users/Usuario/.m2/repository/org/jboss/logging/jboss-logging/3.3.0.Final/jboss-logging-3.3.0.Final-sources.jar","javadocContainerUrl":"file:/C:/Users/Usuario/.m2/repository/org/jboss/logging/jboss-logging/3.3.0.Final/jboss-logging-3.3.0.Final-javadoc.jar","isSystem":false,"isOwn":false,"isTest":false,"isJavaContent":false},{"kind":"binary","path":"C:\\Users\\Usuario\\.m2\\repository\\com\\fasterxml\\classmate\\1.3.3\\classmate-1.3.3.jar","sourceContainerUrl":"file:/C:/Users/Usuario/.m2/repository/com/fasterxml/classmate/1.3.3/classmate-1.3.3-sources.jar","javadocContainerUrl":"file:/C:/Users/Usuario/.m2/repository/com/fasterxml/classmate/1.3.3/classmate-1.3.3-javadoc.jar","isSystem":false,"isOwn":false,"isTest":false,"isJavaContent":false},{"kind":"binary","path":"C:\\Users\\Usuario\\.m2\\repository\\com\\fasterxml\\jackson\\core\\jackson-databind\\2.8.4\\jackson-databind-2.8.4.jar","sourceContainerUrl":"file:/C:/Users/Usuario/.m2/repository/com/fasterxml/jackson/core/jackson-databind/2.8.4/jackson-databind-2.8.4-sources.jar","javadocContainerUrl":"file:/C:/Users/Usuario/.m2/repository/com/fasterxml/jackson/core/jackson-databind/2.8.4/jackson-databind-2.8.4-javadoc.jar","isSystem":false,"isOwn":false,"isTest":false,"isJavaContent":false},{"kind":"binary","path":"C:\\Users\\Usuario\\.m2\\repository\\com\\fasterxml\\jackson\\core\\jackson-annotations\\2.8.4\\jackson-annotations-2.8.4.jar","sourceContainerUrl":"file:/C:/Users/Usuario/.m2/repository/com/fasterxml/jackson/core/jackson-annotations/2.8.4/jackson-annotations-2.8.4-sources.jar","javadocContainerUrl":"file:/C:/Users/Usuario/.m2/repository/com/fasterxml/jackson/core/jackson-annotations/2.8.4/jackson-annotations-2.8.4-javadoc.jar","isSystem":false,"isOwn":false,"isTest":false,"isJavaContent":false},{"kind":"binary","path":"C:\\Users\\Usuario\\.m2\\repository\\com\\fasterxml\\jackson\\core\\jackson-core\\2.8.4\\jackson-core-2.8.4.jar","sourceContainerUrl":"file:/C:/Users/Usuario/.m2/repository/com/fasterxml/jackson/core/jackson-core/2.8.4/jackson-core-2.8.4-sources.jar","javadocContainerUrl":"file:/C:/Users/Usuario/.m2/repository/com/fasterxml/jackson/core/jackson-core/2.8.4/jackson-core-2.8.4-javadoc.jar","isSystem":false,"isOwn":false,"isTest":false,"isJavaContent":false},{"kind":"binary","path":"C:\\Users\\Usuario\\.m2\\repository\\org\\springframework\\spring-web\\4.3.4.RELEASE\\spring-web-4.3.4.RELEASE.jar","sourceContainerUrl":"file:/C:/Users/Usuario/.m2/repository/org/springframework/spring-web/4.3.4.RELEASE/spring-web-4.3.4.RELEASE-sources.jar","javadocContainerUrl":"file:/C:/Users/Usuario/.m2/repository/org/springframework/spring-web/4.3.4.RELEASE/spring-web-4.3.4.RELEASE-javadoc.jar","isSystem":false,"isOwn":false,"isTest":false,"isJavaContent":false},{"kind":"binary","path":"C:\\Users\\Usuario\\.m2\\repository\\org\\springframework\\spring-aop\\4.3.4.RELEASE\\spring-aop-4.3.4.RELEASE.jar","sourceContainerUrl":"file:/C:/Users/Usuario/.m2/repository/org/springframework/spring-aop/4.3.4.RELEASE/spring-aop-4.3.4.RELEASE-sources.jar","javadocContainerUrl":"file:/C:/Users/Usuario/.m2/repository/org/springframework/spring-aop/4.3.4.RELEASE/spring-aop-4.3.4.RELEASE-javadoc.jar","isSystem":false,"isOwn":false,"isTest":false,"isJavaContent":false},{"kind":"binary","path":"C:\\Users\\Usuario\\.m2\\repository\\org\\springframework\\spring-beans\\4.3.4.RELEASE\\spring-beans-4.3.4.RELEASE.jar","sourceContainerUrl":"file:/C:/Users/Usuario/.m2/repository/org/springframework/spring-beans/4.3.4.RELEASE/spring-beans-4.3.4.RELEASE-sources.jar","javadocContainerUrl":"file:/C:/Users/Usuario/.m2/repository/org/springframework/spring-beans/4.3.4.RELEASE/spring-beans-4.3.4.RELEASE-javadoc.jar","isSystem":false,"isOwn":false,"isTest":false,"isJavaContent":false},{"kind":"binary","path":"C:\\Users\\Usuario\\.m2\\repository\\org\\springframework\\spring-context\\4.3.4.RELEASE\\spring-context-4.3.4.RELEASE.jar","sourceContainerUrl":"file:/C:/Users/Usuario/.m2/repository/org/springframework/spring-context/4.3.4.RELEASE/spring-context-4.3.4.RELEASE-sources.jar","javadocContainerUrl":"file:/C:/Users/Usuario/.m2/repository/org/springframework/spring-context/4.3.4.RELEASE/spring-context-4.3.4.RELEASE-javadoc.jar","isSystem":false,"isOwn":false,"isTest":false,"isJavaContent":false},{"kind":"binary","path":"C:\\Users\\Usuario\\.m2\\repository\\org\\springframework\\spring-webmvc\\4.3.4.RELEASE\\spring-webmvc-4.3.4.RELEASE.jar","sourceContainerUrl":"file:/C:/Users/Usuario/.m2/repository/org/springframework/spring-webmvc/4.3.4.RELEASE/spring-webmvc-4.3.4.RELEASE-sources.jar","javadocContainerUrl":"file:/C:/Users/Usuario/.m2/repository/org/springframework/spring-webmvc/4.3.4.RELEASE/spring-webmvc-4.3.4.RELEASE-javadoc.jar","isSystem":false,"isOwn":false,"isTest":false,"isJavaContent":false},{"kind":"binary","path":"C:\\Users\\Usuario\\.m2\\repository\\org\\springframework\\spring-expression\\4.3.4.RELEASE\\spring-expression-4.3.4.RELEASE.jar","sourceContainerUrl":"file:/C:/Users/Usuario/.m2/repository/org/springframework/spring-expression/4.3.4.RELEASE/spring-expression-4.3.4.RELEASE-sources.jar","javadocContainerUrl":"file:/C:/Users/Usuario/.m2/repository/org/springframework/spring-expression/4.3.4.RELEASE/spring-expression-4.3.4.RELEASE-javadoc.jar","isSystem":false,"isOwn":false,"isTest":false,"isJavaContent":false},{"kind":"binary","path":"C:\\Users\\Usuario\\.m2\\repository\\org\\springframework\\boot\\spring-boot-starter-test\\1.4.2.RELEASE\\spring-boot-starter-test-1.4.2.RELEASE.jar","sourceContainerUrl":"file:/C:/Users/Usuario/.m2/repository/org/springframework/boot/spring-boot-starter-test/1.4.2.RELEASE/spring-boot-starter-test-1.4.2.RELEASE-sources.jar","isSystem":false,"isOwn":false,"isTest":false,"isJavaContent":false},{"kind":"binary","path":"C:\\Users\\Usuario\\.m2\\repository\\org\\springframework\\boot\\spring-boot-test\\1.4.2.RELEASE\\spring-boot-test-1.4.2.RELEASE.jar","sourceContainerUrl":"file:/C:/Users/Usuario/.m2/repository/org/springframework/boot/spring-boot-test/1.4.2.RELEASE/spring-boot-test-1.4.2.RELEASE-sources.jar","javadocContainerUrl":"file:/C:/Users/Usuario/.m2/repository/org/springframework/boot/spring-boot-test/1.4.2.RELEASE/spring-boot-test-1.4.2.RELEASE-javadoc.jar","isSystem":false,"isOwn":false,"isTest":false,"isJavaContent":false},{"kind":"binary","path":"C:\\Users\\Usuario\\.m2\\repository\\org\\springframework\\boot\\spring-boot-test-autoconfigure\\1.4.2.RELEASE\\spring-boot-test-autoconfigure-1.4.2.RELEASE.jar","sourceContainerUrl":"file:/C:/Users/Usuario/.m2/repository/org/springframework/boot/spring-boot-test-autoconfigure/1.4.2.RELEASE/spring-boot-test-autoconfigure-1.4.2.RELEASE-sources.jar","javadocContainerUrl":"file:/C:/Users/Usuario/.m2/repository/org/springframework/boot/spring-boot-test-autoconfigure/1.4.2.RELEASE/spring-boot-test-autoconfigure-1.4.2.RELEASE-javadoc.jar","isSystem":false,"isOwn":false,"isTest":false,"isJavaContent":false},{"kind":"binary","path":"C:\\Users\\Usuario\\.m2\\repository\\com\\jayway\\jsonpath\\json-path\\2.2.0\\json-path-2.2.0.jar","sourceContainerUrl":"file:/C:/Users/Usuario/.m2/repository/com/jayway/jsonpath/json-path/2.2.0/json-path-2.2.0-sources.jar","javadocContainerUrl":"file:/C:/Users/Usuario/.m2/repository/com/jayway/jsonpath/json-path/2.2.0/json-path-2.2.0-javadoc.jar","isSystem":false,"isOwn":false,"isTest":false,"isJavaContent":false},{"kind":"binary","path":"C:\\Users\\Usuario\\.m2\\repository\\net\\minidev\\json-smart\\2.2.1\\json-smart-2.2.1.jar","sourceContainerUrl":"file:/C:/Users/Usuario/.m2/repository/net/minidev/json-smart/2.2.1/json-smart-2.2.1-sources.jar","javadocContainerUrl":"file:/C:/Users/Usuario/.m2/repository/net/minidev/json-smart/2.2.1/json-smart-2.2.1-javadoc.jar","isSystem":false,"isOwn":false,"isTest":false,"isJavaContent":false},{"kind":"binary","path":"C:\\Users\\Usuario\\.m2\\repository\\net\\minidev\\accessors-smart\\1.1\\accessors-smart-1.1.jar","sourceContainerUrl":"file:/C:/Users/Usuario/.m2/repository/net/minidev/accessors-smart/1.1/accessors-smart-1.1-sources.jar","javadocContainerUrl":"file:/C:/Users/Usuario/.m2/repository/net/minidev/accessors-smart/1.1/accessors-smart-1.1-javadoc.jar","isSystem":false,"isOwn":false,"isTest":false,"isJavaContent":false},{"kind":"binary","path":"C:\\Users\\Usuario\\.m2\\repository\\org\\ow2\\asm\\asm\\5.0.3\\asm-5.0.3.jar","sourceContainerUrl":"file:/C:/Users/Usuario/.m2/repository/org/ow2/asm/asm/5.0.3/asm-5.0.3-sources.jar","javadocContainerUrl":"file:/C:/Users/Usuario/.m2/repository/org/ow2/asm/asm/5.0.3/asm-5.0.3-javadoc.jar","isSystem":false,"isOwn":false,"isTest":false,"isJavaContent":false},{"kind":"binary","path":"C:\\Users\\Usuario\\.m2\\repository\\org\\slf4j\\slf4j-api\\1.7.21\\slf4j-api-1.7.21.jar","sourceContainerUrl":"file:/C:/Users/Usuario/.m2/repository/org/slf4j/slf4j-api/1.7.21/slf4j-api-1.7.21-sources.jar","javadocContainerUrl":"file:/C:/Users/Usuario/.m2/repository/org/slf4j/slf4j-api/1.7.21/slf4j-api-1.7.21-javadoc.jar","isSystem":false,"isOwn":false,"isTest":false,"isJavaContent":false},{"kind":"binary","path":"C:\\Users\\Usuario\\.m2\\repository\\junit\\junit\\4.12\\junit-4.12.jar","sourceContainerUrl":"file:/C:/Users/Usuario/.m2/repository/junit/junit/4.12/junit-4.12-sources.jar","javadocContainerUrl":"file:/C:/Users/Usuario/.m2/repository/junit/junit/4.12/junit-4.12-javadoc.jar","isSystem":false,"isOwn":false,"isTest":false,"isJavaContent":false},{"kind":"binary","path":"C:\\Users\\Usuario\\.m2\\repository\\org\\assertj\\assertj-core\\2.5.0\\assertj-core-2.5.0.jar","sourceContainerUrl":"file:/C:/Users/Usuario/.m2/repository/org/assertj/assertj-core/2.5.0/assertj-core-2.5.0-sources.jar","javadocContainerUrl":"file:/C:/Users/Usuario/.m2/repository/org/assertj/assertj-core/2.5.0/assertj-core-2.5.0-javadoc.jar","isSystem":false,"isOwn":false,"isTest":false,"isJavaContent":false},{"kind":"binary","path":"C:\\Users\\Usuario\\.m2\\repository\\org\\mockito\\mockito-core\\1.10.19\\mockito-core-1.10.19.jar","sourceContainerUrl":"file:/C:/Users/Usuario/.m2/repository/org/mockito/mockito-core/1.10.19/mockito-core-1.10.19-sources.jar","javadocContainerUrl":"file:/C:/Users/Usuario/.m2/repository/org/mockito/mockito-core/1.10.19/mockito-core-1.10.19-javadoc.jar","isSystem":false,"isOwn":false,"isTest":false,"isJavaContent":false},{"kind":"binary","path":"C:\\Users\\Usuario\\.m2\\repository\\org\\objenesis\\objenesis\\2.1\\objenesis-2.1.jar","sourceContainerUrl":"file:/C:/Users/Usuario/.m2/repository/org/objenesis/objenesis/2.1/objenesis-2.1-sources.jar","javadocContainerUrl":"file:/C:/Users/Usuario/.m2/repository/org/objenesis/objenesis/2.1/objenesis-2.1-javadoc.jar","isSystem":false,"isOwn":false,"isTest":false,"isJavaContent":false},{"kind":"binary","path":"C:\\Users\\Usuario\\.m2\\repository\\org\\hamcrest\\hamcrest-core\\1.3\\hamcrest-core-1.3.jar","sourceContainerUrl":"file:/C:/Users/Usuario/.m2/repository/org/hamcrest/hamcrest-core/1.3/hamcrest-core-1.3-sources.jar","javadocContainerUrl":"file:/C:/Users/Usuario/.m2/repository/org/hamcrest/hamcrest-core/1.3/hamcrest-core-1.3-javadoc.jar","isSystem":false,"isOwn":false,"isTest":false,"isJavaContent":false},{"kind":"binary","path":"C:\\Users\\Usuario\\.m2\\repository\\org\\hamcrest\\hamcrest-library\\1.3\\hamcrest-library-1.3.jar","sourceContainerUrl":"file:/C:/Users/Usuario/.m2/repository/org/hamcrest/hamcrest-library/1.3/hamcrest-library-1.3-sources.jar","javadocContainerUrl":"file:/C:/Users/Usuario/.m2/repository/org/hamcrest/hamcrest-library/1.3/hamcrest-library-1.3-javadoc.jar","isSystem":false,"isOwn":false,"isTest":false,"isJavaContent":false},{"kind":"binary","path":"C:\\Users\\Usuario\\.m2\\repository\\org\\skyscreamer\\jsonassert\\1.3.0\\jsonassert-1.3.0.jar","sourceContainerUrl":"file:/C:/Users/Usuario/.m2/repository/org/skyscreamer/jsonassert/1.3.0/jsonassert-1.3.0-sources.jar","javadocContainerUrl":"file:/C:/Users/Usuario/.m2/repository/org/skyscreamer/jsonassert/1.3.0/jsonassert-1.3.0-javadoc.jar","isSystem":false,"isOwn":false,"isTest":false,"isJavaContent":false},{"kind":"binary","path":"C:\\Users\\Usuario\\.m2\\repository\\org\\json\\json\\20140107\\json-20140107.jar","sourceContainerUrl":"file:/C:/Users/Usuario/.m2/repository/org/json/json/20140107/json-20140107-sources.jar","javadocContainerUrl":"file:/C:/Users/Usuario/.m2/repository/org/json/json/20140107/json-20140107-javadoc.jar","isSystem":false,"isOwn":false,"isTest":false,"isJavaContent":false},{"kind":"binary","path":"C:\\Users\\Usuario\\.m2\\repository\\org\\springframework\\spring-core\\4.3.4.RELEASE\\spring-core-4.3.4.RELEASE.jar","sourceContainerUrl":"file:/C:/Users/Usuario/.m2/repository/org/springframework/spring-core/4.3.4.RELEASE/spring-core-4.3.4.RELEASE-sources.jar","javadocContainerUrl":"file:/C:/Users/Usuario/.m2/repository/org/springframework/spring-core/4.3.4.RELEASE/spring-core-4.3.4.RELEASE-javadoc.jar","isSystem":false,"isOwn":false,"isTest":false,"isJavaContent":false},{"kind":"binary","path":"C:\\Users\\Usuario\\.m2\\repository\\org\\springframework\\spring-test\\4.3.4.RELEASE\\spring-test-4.3.4.RELEASE.jar","sourceContainerUrl":"file:/C:/Users/Usuario/.m2/repository/org/springframework/spring-test/4.3.4.RELEASE/spring-test-4.3.4.RELEASE-sources.jar","javadocContainerUrl":"file:/C:/Users/Usuario/.m2/repository/org/springframework/spring-test/4.3.4.RELEASE/spring-test-4.3.4.RELEASE-javadoc.jar","isSystem":false,"isOwn":false,"isTest":false,"isJavaContent":false},{"kind":"binary","path":"C:\\Users\\Usuario\\.m2\\repository\\org\\springframework\\boot\\spring-boot-starter-websocket\\1.4.2.RELEASE\\spring-boot-starter-websocket-1.4.2.RELEASE.jar","sourceContainerUrl":"file:/C:/Users/Usuario/.m2/repository/org/springframework/boot/spring-boot-starter-websocket/1.4.2.RELEASE/spring-boot-starter-websocket-1.4.2.RELEASE-sources.jar","isSystem":false,"isOwn":false,"isTest":false,"isJavaContent":false},{"kind":"binary","path":"C:\\Users\\Usuario\\.m2\\repository\\org\\springframework\\spring-messaging\\4.3.4.RELEASE\\spring-messaging-4.3.4.RELEASE.jar","sourceContainerUrl":"file:/C:/Users/Usuario/.m2/repository/org/springframework/spring-messaging/4.3.4.RELEASE/spring-messaging-4.3.4.RELEASE-sources.jar","javadocContainerUrl":"file:/C:/Users/Usuario/.m2/repository/org/springframework/spring-messaging/4.3.4.RELEASE/spring-messaging-4.3.4.RELEASE-javadoc.jar","isSystem":false,"isOwn":false,"isTest":false,"isJavaContent":false},{"kind":"binary","path":"C:\\Users\\Usuario\\.m2\\repository\\org\\springframework\\spring-websocket\\4.3.4.RELEASE\\spring-websocket-4.3.4.RELEASE.jar","sourceContainerUrl":"file:/C:/Users/Usuario/.m2/repository/org/springframework/spring-websocket/4.3.4.RELEASE/spring-websocket-4.3.4.RELEASE-sources.jar","javadocContainerUrl":"file:/C:/Users/Usuario/.m2/repository/org/springframework/spring-websocket/4.3.4.RELEASE/spring-websocket-4.3.4.RELEASE-javadoc.jar","isSystem":false,"isOwn":false,"isTest":false,"isJavaContent":false},{"kind":"binary","path":"C:\\Users\\Usuario\\.m2\\repository\\org\\springframework\\boot\\spring-boot-starter-amqp\\1.4.2.RELEASE\\spring-boot-starter-amqp-1.4.2.RELEASE.jar","sourceContainerUrl":"file:/C:/Users/Usuario/.m2/repository/org/springframework/boot/spring-boot-starter-amqp/1.4.2.RELEASE/spring-boot-starter-amqp-1.4.2.RELEASE-sources.jar","isSystem":false,"isOwn":false,"isTest":false,"isJavaContent":false},{"kind":"binary","path":"C:\\Users\\Usuario\\.m2\\repository\\org\\springframework\\amqp\\spring-rabbit\\1.6.5.RELEASE\\spring-rabbit-1.6.5.RELEASE.jar","sourceContainerUrl":"file:/C:/Users/Usuario/.m2/repository/org/springframework/amqp/spring-rabbit/1.6.5.RELEASE/spring-rabbit-1.6.5.RELEASE-sources.jar","javadocContainerUrl":"file:/C:/Users/Usuario/.m2/repository/org/springframework/amqp/spring-rabbit/1.6.5.RELEASE/spring-rabbit-1.6.5.RELEASE-javadoc.jar","isSystem":false,"isOwn":false,"isTest":false,"isJavaContent":false},{"kind":"binary","path":"C:\\Users\\Usuario\\.m2\\repository\\org\\springframework\\amqp\\spring-amqp\\1.6.5.RELEASE\\spring-amqp-1.6.5.RELEASE.jar","sourceContainerUrl":"file:/C:/Users/Usuario/.m2/repository/org/springframework/amqp/spring-amqp/1.6.5.RELEASE/spring-amqp-1.6.5.RELEASE-sources.jar","javadocContainerUrl":"file:/C:/Users/Usuario/.m2/repository/org/springframework/amqp/spring-amqp/1.6.5.RELEASE/spring-amqp-1.6.5.RELEASE-javadoc.jar","isSystem":false,"isOwn":false,"isTest":false,"isJavaContent":false},{"kind":"binary","path":"C:\\Users\\Usuario\\.m2\\repository\\org\\springframework\\retry\\spring-retry\\1.1.4.RELEASE\\spring-retry-1.1.4.RELEASE.jar","sourceContainerUrl":"file:/C:/Users/Usuario/.m2/repository/org/springframework/retry/spring-retry/1.1.4.RELEASE/spring-retry-1.1.4.RELEASE-sources.jar","javadocContainerUrl":"file:/C:/Users/Usuario/.m2/repository/org/springframework/retry/spring-retry/1.1.4.RELEASE/spring-retry-1.1.4.RELEASE-javadoc.jar","isSystem":false,"isOwn":false,"isTest":false,"isJavaContent":false},{"kind":"binary","path":"C:\\Users\\Usuario\\.m2\\repository\\org\\springframework\\spring-tx\\4.3.4.RELEASE\\spring-tx-4.3.4.RELEASE.jar","sourceContainerUrl":"file:/C:/Users/Usuario/.m2/repository/org/springframework/spring-tx/4.3.4.RELEASE/spring-tx-4.3.4.RELEASE-sources.jar","javadocContainerUrl":"file:/C:/Users/Usuario/.m2/repository/org/springframework/spring-tx/4.3.4.RELEASE/spring-tx-4.3.4.RELEASE-javadoc.jar","isSystem":false,"isOwn":false,"isTest":false,"isJavaContent":false},{"kind":"binary","path":"C:\\Users\\Usuario\\.m2\\repository\\com\\rabbitmq\\http-client\\1.0.0.RELEASE\\http-client-1.0.0.RELEASE.jar","sourceContainerUrl":"file:/C:/Users/Usuario/.m2/repository/com/rabbitmq/http-client/1.0.0.RELEASE/http-client-1.0.0.RELEASE-sources.jar","javadocContainerUrl":"file:/C:/Users/Usuario/.m2/repository/com/rabbitmq/http-client/1.0.0.RELEASE/http-client-1.0.0.RELEASE-javadoc.jar","isSystem":false,"isOwn":false,"isTest":false,"isJavaContent":false},{"kind":"binary","path":"C:\\Users\\Usuario\\.m2\\repository\\org\\apache\\httpcomponents\\httpclient\\4.5.2\\httpclient-4.5.2.jar","sourceContainerUrl":"file:/C:/Users/Usuario/.m2/repository/org/apache/httpcomponents/httpclient/4.5.2/httpclient-4.5.2-sources.jar","javadocContainerUrl":"file:/C:/Users/Usuario/.m2/repository/org/apache/httpcomponents/httpclient/4.5.2/httpclient-4.5.2-javadoc.jar","isSystem":false,"isOwn":false,"isTest":false,"isJavaContent":false},{"kind":"binary","path":"C:\\Users\\Usuario\\.m2\\repository\\org\\apache\\httpcomponents\\httpcore\\4.4.5\\httpcore-4.4.5.jar","sourceContainerUrl":"file:/C:/Users/Usuario/.m2/repository/org/apache/httpcomponents/httpcore/4.4.5/httpcore-4.4.5-sources.jar","javadocContainerUrl":"file:/C:/Users/Usuario/.m2/repository/org/apache/httpcomponents/httpcore/4.4.5/httpcore-4.4.5-javadoc.jar","isSystem":false,"isOwn":false,"isTest":false,"isJavaContent":false},{"kind":"binary","path":"C:\\Users\\Usuario\\.m2\\repository\\commons-codec\\commons-codec\\1.10\\commons-codec-1.10.jar","sourceContainerUrl":"file:/C:/Users/Usuario/.m2/repository/commons-codec/commons-codec/1.10/commons-codec-1.10-sources.jar","javadocContainerUrl":"file:/C:/Users/Usuario/.m2/repository/commons-codec/commons-codec/1.10/commons-codec-1.10-javadoc.jar","isSystem":false,"isOwn":false,"isTest":false,"isJavaContent":false},{"kind":"binary","path":"C:\\Users\\Usuario\\.m2\\repository\\com\\rabbitmq\\amqp-client\\3.6.5\\amqp-client-3.6.5.jar","sourceContainerUrl":"file:/C:/Users/Usuario/.m2/repository/com/rabbitmq/amqp-client/3.6.5/amqp-client-3.6.5-sources.jar","javadocContainerUrl":"file:/C:/Users/Usuario/.m2/repository/com/rabbitmq/amqp-client/3.6.5/amqp-client-3.6.5-javadoc.jar","isSystem":false,"isOwn":false,"isTest":false,"isJavaContent":false},{"kind":"source","path":"C:\\Users\\Usuario\\Documents\\Universidad\\TERCERO\\1Q\\JUEGOS EN RED\\EclipseProjects\\Practica3JeR\\src\\main\\java","outputFolder":"C:\\Users\\Usuario\\Documents\\Universidad\\TERCERO\\1Q\\JUEGOS EN RED\\EclipseProjects\\Practica3JeR\\target\\classes","javadocContainerUrl":"file:/C:/Users/Usuario/Documents/Universidad/TERCERO/1Q/JUEGOS%20EN%20RED/EclipseProjects/Practica3JeR/target/site/apidocs","isSystem":false,"isOwn":true,"isTest":false,"isJavaContent":true},{"kind":"source","path":"C:\\Users\\Usuario\\Documents\\Universidad\\TERCERO\\1Q\\JUEGOS EN RED\\EclipseProjects\\Practica3JeR\\src\\test\\java","outputFolder":"C:\\Users\\Usuario\\Documents\\Universidad\\TERCERO\\1Q\\JUEGOS EN RED\\EclipseProjects\\Practica3JeR\\target\\test-classes","javadocContainerUrl":"file:/C:/Users/Usuario/Documents/Universidad/TERCERO/1Q/JUEGOS%20EN%20RED/EclipseProjects/Practica3JeR/target/site/apidocs","isSystem":false,"isOwn":true,"isTest":true,"isJavaContent":true},{"kind":"source","path":"C:\\Users\\Usuario\\Documents\\Universidad\\TERCERO\\1Q\\JUEGOS EN RED\\EclipseProjects\\Practica3JeR\\src\\main\\resources","outputFolder":"C:\\Users\\Usuario\\Documents\\Universidad\\TERCERO\\1Q\\JUEGOS EN RED\\EclipseProjects\\Practica3JeR\\target\\classes","isSystem":false,"isOwn":true,"isTest":false,"isJavaContent":false},{"kind":"source","path":"C:\\Users\\Usuario\\Documents\\Universidad\\TERCERO\\1Q\\JUEGOS EN RED\\EclipseProjects\\Practica3JeR\\src\\test\\resources","outputFolder":"C:\\Users\\Usuario\\Documents\\Universidad\\TERCERO\\1Q\\JUEGOS EN RED\\EclipseProjects\\Practica3JeR\\target\\test-classes","isSystem":false,"isOwn":true,"isTest":true,"isJavaContent":false},{"kind":"source","path":"C:\\Users\\Usuario\\Documents\\Universidad\\TERCERO\\1Q\\JUEGOS EN RED\\EclipseProjects\\Practica3JeR\\src\\test\\java","outputFolder":"C:\\Users\\Usuario\\Documents\\Universidad\\TERCERO\\1Q\\JUEGOS EN RED\\EclipseProjects\\Practica3JeR\\target\\test-classes","javadocContainerUrl":"file:/C:/Users/Usuario/Documents/Universidad/TERCERO/1Q/JUEGOS%20EN%20RED/EclipseProjects/Practica3JeR/target/site/apidocs","isSystem":false,"isOwn":true,"isTest":false,"isJavaContent":false}]}